prixMoyenProduits,fraisMoyen
137.75407637890282,22.823561713254122
